Geography,total_2016,native_2016,state_native_2016,born_out_of_state_2016,foreign_born_2016,non_citizens_2016,percent_foreign_born_2016,percent_born_out_of_state_2016
"Baldwin County, Alabama",208563,204019,114881,87510,4544,2246,0.021787182,0.580414551
"Calhoun County, Alabama",114611,111855,84175,26577,2756,2140,0.024046557,0.768111263
"Cullman County, Alabama",82471,79812,60245,19280,2659,1008,0.032241636,0.766220853
"DeKalb County, Alabama",70900,67008,48518,17993,3892,3522,0.054894217,0.746220028
"Elmore County, Alabama",81799,81113,60271,20189,686,447,0.008386411,0.753187692
"Etowah County, Alabama",102564,98986,80050,18219,3578,2261,0.034885535,0.822364572
"Houston County, Alabama",104056,102093,70275,30819,1963,1231,0.018864842,0.703822941
"Jefferson County, Alabama",659521,631521,492999,133964,28000,19085,0.042455055,0.796876824
"Lauderdale County, Alabama",92318,89835,63658,26134,2483,1597,0.026896163,0.716913278
"Lee County, Alabama",158991,150476,78992,69545,8515,5832,0.053556491,0.562585304
"Limestone County, Alabama",92753,89293,62091,26505,3460,2349,0.037303376,0.714241049
"Madison County, Alabama",356967,337804,189710,139849,19163,11191,0.053682833,0.608229892
"Marshall County, Alabama",95157,89947,68045,21250,5210,3673,0.054751621,0.776684847
"Mobile County, Alabama",414836,400587,301553,96298,14249,6304,0.034348514,0.767864891
"Montgomery County, Alabama",226349,215751,164148,48874,10598,6670,0.046821501,0.784076802
"Morgan County, Alabama",119012,114078,84146,28297,4934,3742,0.041458004,0.76223406
"St. Clair County, Alabama",88019,86751,68418,17820,1268,867,0.014405981,0.797543712
"Shelby County, Alabama",210622,200318,133487,64030,10304,5899,0.048921765,0.69599567
"Talladega County, Alabama",80103,78823,65147,12908,1280,714,0.015979426,0.838857471
"Tuscaloosa County, Alabama",206102,198609,151711,44871,7493,5096,0.036355785,0.782287411
"Walker County, Alabama",64967,64264,53295,10491,703,674,0.010820878,0.838518017
"Anchorage Municipality, Alaska",298192,267623,110554,146509,30569,9503,0.102514487,0.508675618
"Fairbanks North Star Borough, Alaska",100605,94701,28803,61587,5904,3389,0.058684956,0.387833607
"Matanuska-Susitna Borough, Alaska",104365,100802,42272,56375,3563,1591,0.034139798,0.459828487
"Apache County, Arizona",73112,72362,54798,17460,750,339,0.010258234,0.761188314
"Cochise County, Arizona",125770,110080,41195,63371,15690,6664,0.124751531,0.496135803
"Coconino County, Arizona",140908,136348,76067,59025,4560,2171,0.032361541,0.58110966
"Maricopa County, Arizona",4242997,3604603,1610283,1934141,638394,378279,0.150458273,0.544156878
"Mohave County, Arizona",205249,194299,40433,152369,10950,5226,0.053349834,0.257638283
"Navajo County, Arizona",110026,106883,77001,29375,3143,2099,0.028565975,0.73301765
"Pima County, Arizona",1016206,880262,417844,445306,135944,75595,0.133776026,0.561795541
"Pinal County, Arizona",418540,381023,175318,201084,37517,21190,0.089637789,0.519558465
"Yavapai County, Arizona",225562,213585,68517,142794,11977,4767,0.053098483,0.36694124
"Yuma County, Arizona",205631,150553,80620,68116,55078,29649,0.267848719,0.668746444
"Benton County, Arkansas",258291,229209,109149,117778,29082,18584,0.112593935,0.544010438
"Craighead County, Arkansas",105835,101856,72370,29274,3979,2512,0.037596258,0.723399632
"Faulkner County, Arkansas",122227,118594,79700,37943,3633,2701,0.029723384,0.689569408
"Garland County, Arkansas",97477,93069,55699,37051,4408,2950,0.045220924,0.619900079
"Jefferson County, Arkansas",70016,69297,56468,12624,719,298,0.010269081,0.819698355
"Lonoke County, Arkansas",72228,70795,47658,22484,1433,1019,0.019839951,0.68870798
"Pulaski County, Arkansas",393250,372714,259817,109679,20536,12680,0.052221233,0.721095995
"Saline County, Arkansas",118703,115248,78404,35824,3455,2390,0.029106257,0.698204763
"Sebastian County, Arkansas",127793,115678,70157,44534,12115,7264,0.09480175,0.651514559
"Washington County, Arkansas",228049,203316,111275,88837,24733,19170,0.108454762,0.610447755
"White County, Arkansas",79263,77095,49411,27168,2168,1891,0.02735198,0.657242345
"Alameda County, California",1647704,1106521,794916,286276,541183,255945,0.328446736,0.826257629
"Butte County, California",226864,208436,162066,43967,18428,9259,0.081229283,0.806196664
"Contra Costa County, California",1135127,850733,628578,203264,284394,134562,0.250539367,0.820932812
"El Dorado County, California",185625,166452,113221,50794,19173,8137,0.103288889,0.72636229
"Fresno County, California",979915,768517,657657,102780,211398,129057,0.215730956,0.895113352
"Humboldt County, California",136646,130881,97753,31521,5765,3243,0.042189307,0.769323654
"Imperial County, California",180883,126853,107908,12716,54030,26476,0.29870137,0.929700414
"Kern County, California",884788,706568,585192,115727,178220,115818,0.201426782,0.869203696
"Kings County, California",149785,120982,98162,20437,28803,18581,0.192295624,0.863557766
"Lake County, California",64116,59166,43272,15548,4950,2824,0.077203818,0.757502028
"Los Angeles County, California",10137915,6627203,5168098,1343327,3510712,1706608,0.346295269,0.867494746
"Madera County, California",154697,121516,103677,17273,33181,23737,0.214490262,0.888343019
"Marin County, California",260651,210243,128170,78486,50408,28129,0.193392698,0.698884716
"Mendocino County, California",87628,76306,56097,19307,11322,7737,0.129205277,0.779670881
"Merced County, California",268672,197658,168803,27178,71014,42398,0.264314852,0.898843199
"Monterey County, California",435232,299986,231971,61990,135246,101712,0.310744614,0.857570215
"Napa County, California",142166,110175,80718,27513,31991,16411,0.225025674,0.806472715
"Nevada County, California",99107,94631,60384,32446,4476,723,0.045163308,0.672616465
"Orange County, California",3172532,2207475,1644302,523323,965057,445845,0.304191416,0.835045635
"Placer County, California",380531,344324,248000,90258,36207,12316,0.095148621,0.762810389
"Riverside County, California",2387741,1866981,1426325,407127,520760,277030,0.218097356,0.829492814
"Sacramento County, California",1514460,1199967,915140,262762,314493,134270,0.207660156,0.826497894
"San Bernardino County, California",2140096,1688380,1367953,297538,451716,228880,0.211072774,0.860969788
"San Diego County, California",3317749,2519758,1625666,825502,797991,385605,0.240521812,0.75118612
"San Francisco County, California",870887,565473,338891,207769,305414,113816,0.350693029,0.761428291
"San Joaquin County, California",733709,567645,475863,80561,166064,89260,0.226334964,0.890200338
"San Luis Obispo County, California",282887,254689,187682,63016,28198,12589,0.099679377,0.777239675
"San Mateo County, California",764797,502159,368385,119898,262638,115435,0.343408774,0.843228988
"Santa Barbara County, California",446170,336379,249134,82739,109791,74985,0.246074366,0.814557232
"Santa Clara County, California",1919402,1168196,862213,276725,751206,356906,0.391375022,0.855827492
"Santa Cruz County, California",274673,227611,168018,55389,47062,28299,0.171338282,0.798345669
"Shasta County, California",179631,169881,128212,40906,9750,4969,0.054277936,0.772277614
"Solano County, California",440207,348787,250846,88348,91420,37727,0.207675026,0.799303509
"Sonoma County, California",503070,414927,299251,107835,88143,51017,0.175210209,0.785646133
"Stanislaus County, California",541560,428087,358450,62828,113473,63331,0.209529877,0.883987001
"Sutter County, California",96651,74283,56455,15923,22368,13279,0.231430611,0.83525261
"Tulare County, California",460437,356249,308629,43021,104188,71963,0.226280686,0.90656485
"Ventura County, California",849738,658576,490049,157459,191162,101387,0.224965813,0.814697001
"Yolo County, California",215802,166911,125855,37722,48891,27115,0.226554898,0.825200879
"Yuba County, California",75275,67103,50168,15620,8172,3992,0.10856194,0.792494188
"Adams County, Colorado",498187,420093,263213,151716,78094,56956,0.156756399,0.695463752
"Arapahoe County, Colorado",637068,543475,268813,265156,93593,56210,0.146912104,0.583786974
"Boulder County, Colorado",322226,284689,100767,179471,37537,21592,0.116492772,0.443027565
"Broomfield County, Colorado",66529,61666,25226,35047,4863,2525,0.073095943,0.473207173
"Denver County, Colorado",693060,590056,286477,294903,103004,63619,0.148622053,0.574491386
"Douglas County, Colorado",328632,302054,118117,179504,26578,10910,0.080874656,0.453784172
"El Paso County, Colorado",688284,639830,214872,403210,48454,22920,0.070398266,0.414180774
"Jefferson County, Colorado",571837,532609,258399,267163,39228,17533,0.068599968,0.532798682
"Larimer County, Colorado",339993,322454,138285,180047,17539,8168,0.051586356,0.470439097
"Mesa County, Colorado",150083,144042,75917,66153,6041,3336,0.040251061,0.559223896
"Pueblo County, Colorado",165123,161332,112897,46575,3791,1856,0.022958643,0.717937537
"Weld County, Colorado",294932,267753,161585,104541,27179,19810,0.092153446,0.645542023
"Fairfield County, Connecticut",944177,738620,414762,298376,205557,107869,0.217710239,0.683982982
"Hartford County, Connecticut",892389,763077,506083,207805,129312,54705,0.144905417,0.767136305
"Litchfield County, Connecticut",182571,166447,116833,48002,16124,6641,0.088316326,0.73707763
"Middlesex County, Connecticut",163329,149923,104511,44005,13406,6098,0.082079729,0.730574485
"New Haven County, Connecticut",856875,748555,524966,183463,108320,49487,0.126412837,0.785892925
"New London County, Connecticut",269801,245726,142938,95575,24075,10445,0.089232434,0.645757429
"Tolland County, Connecticut",151118,139343,97877,39793,11775,5614,0.077919242,0.736675975
"Windham County, Connecticut",116192,110711,67147,38549,5481,2918,0.047171922,0.668230171
"Kent County, Delaware",174827,163189,79267,80042,11638,6572,0.066568665,0.54216454
"New Castle County, Delaware",556987,493347,260390,222018,63640,30628,0.114257604,0.601394647
"Sussex County, Delaware",220251,206138,88629,115225,14113,8108,0.064076894,0.47684687
"District of Columbia, District of Columbia",681170,590539,253314,323546,90631,50628,0.133051955,0.525014314
"Alachua County, Florida",263496,234700,137746,91721,28796,14297,0.109284391,0.651907429
"Bay County, Florida",183974,169978,71114,90764,13996,7304,0.076075967,0.506647678
"Brevard County, Florida",579130,524870,185415,321555,54260,20666,0.093692263,0.444761971
"Broward County, Florida",1909632,1264801,663311,538331,644831,257587,0.337672913,0.718096995
"Charlotte County, Florida",178465,159963,35963,120656,18502,6433,0.103672989,0.323923458
"Citrus County, Florida",143621,137026,44893,89223,6595,2584,0.045919469,0.378760766
"Clay County, Florida",208311,194051,84450,104481,14260,5450,0.068455338,0.498437432
"Collier County, Florida",365136,266701,80198,182904,98435,54042,0.269584484,0.499079795
"Columbia County, Florida",69299,65880,40349,25014,3419,1913,0.049336931,0.63904241
"Duval County, Florida",926255,834153,452490,352412,92102,40578,0.099434821,0.619530259
"Escambia County, Florida",315187,300022,147482,148019,15165,7546,0.048114294,0.530377205
"Flagler County, Florida",108310,95825,27031,65895,12485,2922,0.115270981,0.391607423
"Hernando County, Florida",182835,170234,50737,114132,12601,3842,0.068920065,0.375765034
"Highlands County, Florida",100917,89453,34351,50149,11464,6822,0.113598304,0.503066877
"Hillsborough County, Florida",1376238,1139945,554532,510054,236293,126672,0.171694867,0.629385324
"Indian River County, Florida",151563,136337,51462,83388,15226,6134,0.100459875,0.449812949
"Lake County, Florida",335396,308306,117319,178307,27090,10472,0.080770194,0.468368734
"Lee County, Florida",722336,609646,196047,396135,112690,58590,0.15600773,0.45159178
"Leon County, Florida",287822,266676,156674,103216,21146,11017,0.073469019,0.64138947
"Manatee County, Florida",375888,330105,120989,201255,45783,26454,0.121799579,0.464587856
"Marion County, Florida",349020,322159,139343,170738,26861,12524,0.076961206,0.510807404
"Martin County, Florida",158701,142977,48726,90864,15724,7246,0.099079401,0.427451623
"Miami-Dade County, Florida",2712945,1253950,883484,291705,1458995,632156,0.537790114,0.892476626
"Monroe County, Florida",79077,64224,24089,37961,14853,7463,0.187829584,0.519948911
"Nassau County, Florida",80622,77011,32592,42783,3611,1013,0.044789263,0.469338394
"Okaloosa County, Florida",201170,187326,61144,117285,13844,6232,0.068817418,0.416985634
"Orange County, Florida",1314367,1018692,450033,446008,295675,147052,0.224956196,0.660667074
"Osceola County, Florida",336015,278104,82251,125716,57911,25123,0.172346473,0.625861941
"Palm Beach County, Florida",1443810,1089045,442475,610246,354765,161011,0.245714464,0.577336353
"Pasco County, Florida",512368,467543,181099,269240,44825,18799,0.087485948,0.474518315
"Pinellas County, Florida",960730,850454,311981,520204,110276,41262,0.11478355,0.458532574
"Polk County, Florida",666149,594278,280861,276292,71871,40168,0.107890277,0.585239939
"Putnam County, Florida",72277,69553,43628,24764,2724,1713,0.037688338,0.657373715
"St. Johns County, Florida",235087,219853,88969,125800,15234,5916,0.064801542,0.46487896
"St. Lucie County, Florida",306507,253828,106786,138314,52679,24311,0.171868832,0.548741138
"Santa Rosa County, Florida",170497,161859,64110,94549,8638,3311,0.050663648,0.445450653
"Sarasota County, Florida",412569,361033,92536,261414,51536,26437,0.124914863,0.366375079
"Seminole County, Florida",455479,396961,171299,201163,58518,21705,0.128475737,0.558348464
"Sumter County, Florida",123996,117542,29323,86482,6454,1843,0.052050066,0.302542017
"Volusia County, Florida",529364,489006,183856,285545,40358,16300,0.076238656,0.460588555
"Walton County, Florida",65889,62351,24728,36210,3538,1277,0.053696368,0.450439375
"Barrow County, Georgia",77126,71415,45678,24482,5711,3981,0.074047662,0.682571377
"Bartow County, Georgia",103807,98300,63376,34424,5507,4178,0.053050372,0.668384598
"Bibb County, Georgia",152760,147336,114230,31837,5424,2592,0.035506677,0.791588112
"Bulloch County, Georgia",74722,72266,54623,16939,2456,1629,0.032868499,0.773306389
"Carroll County, Georgia",116261,111783,81498,29566,4478,2959,0.038516786,0.745692881
"Catoosa County, Georgia",66398,65235,22014,42665,1163,547,0.017515588,0.357435465
"Chatham County, Georgia",289082,273630,161924,105646,15452,8108,0.053451962,0.634546599
"Cherokee County, Georgia",241689,220210,111471,107071,21479,14311,0.088870408,0.556988527
"Clarke County, Georgia",124707,112056,73622,36084,12651,9023,0.101445789,0.710649763
"Clayton County, Georgia",279462,241344,142793,93881,38118,20506,0.136397793,0.66406524
"Cobb County, Georgia",748150,627786,286390,329265,120364,69839,0.160882176,0.559894406
"Columbia County, Georgia",147450,133930,69102,62480,13520,6010,0.091692099,0.57626314
"Coweta County, Georgia",140526,132971,81497,49853,7555,3165,0.053762293,0.645240027
"DeKalb County, Georgia",740321,619203,335586,275103,121118,71580,0.163602005,0.628400383
"Dougherty County, Georgia",90017,88762,68751,19632,1255,563,0.013941811,0.781907862
"Douglas County, Georgia",142224,129761,70260,57598,12463,6741,0.087629373,0.595019125
"Fayette County, Georgia",111627,101145,49815,49282,10482,5227,0.093902013,0.55851183
"Floyd County, Georgia",96560,88538,67509,20495,8022,5953,0.083077879,0.78774855
"Forsyth County, Georgia",221009,185081,84176,98088,35928,22240,0.162563516,0.55618097
"Fulton County, Georgia",1023336,888284,457147,417772,135052,82944,0.131972295,0.59175481
"Glynn County, Georgia",84502,79435,47736,30888,5067,3613,0.059963078,0.63447019
"Gwinnett County, Georgia",907135,681204,328919,332252,225931,124745,0.249059952,0.63373478
"Hall County, Georgia",196637,162368,109554,50951,34269,26839,0.174275442,0.740888032
"Henry County, Georgia",221768,205800,126603,75295,15968,8444,0.072003174,0.660478518
"Houston County, Georgia",152122,144355,86004,55596,7767,3986,0.051057704,0.63453018
"Liberty County, Georgia",62570,59291,24631,31083,3279,1302,0.052405306,0.503228384
"Lowndes County, Georgia",114628,110664,70905,37635,3964,2056,0.034581429,0.671677077
"Muscogee County, Georgia",197485,187084,108195,72969,10401,4282,0.052667291,0.630508646
"Newton County, Georgia",106999,98759,71744,25361,8240,4720,0.077010066,0.762979093
"Paulding County, Georgia",155825,148499,85135,61404,7326,3377,0.047014279,0.605942564
"Richmond County, Georgia",201647,194466,117456,70629,7181,3583,0.035611737,0.649739396
"Rockdale County, Georgia",89355,82181,42162,38879,7174,1361,0.080286498,0.564892843
"Troup County, Georgia",70005,65980,46573,18905,4025,3243,0.057495893,0.729947861
"Walker County, Georgia",67896,65930,30041,35518,1966,1646,0.02895605,0.476876399
"Walton County, Georgia",90184,85151,62345,21668,5033,2252,0.055808126,0.759735652
"Whitfield County, Georgia",104589,85557,61508,22767,19032,13525,0.181969423,0.782319364
"Hawaii County, Hawaii",198449,176229,112798,59722,22220,9989,0.111968314,0.699056181
"Honolulu County, Hawaii",992605,799095,527754,234819,193510,81210,0.194951668,0.763431577
"Kauai County, Hawaii",72029,61548,40828,19348,10481,4111,0.145510836,0.73138597
"Maui County, Hawaii",165379,129125,79929,45737,36254,17778,0.219217676,0.723441308
"Ada County, Idaho",444028,419564,215833,200384,24464,12914,0.055095625,0.548713144
"Bannock County, Idaho",84377,80390,49889,29631,3987,2764,0.047252213,0.648826102
"Bonneville County, Idaho",112232,105413,64935,38994,6819,4252,0.060758073,0.652558985
"Canyon County, Idaho",211698,195969,109021,85412,15729,9901,0.074299238,0.596538465
"Kootenai County, Idaho",154311,151511,46507,103205,2800,1014,0.018145174,0.331188315
"Twin Falls County, Idaho",83514,75732,45098,29358,7782,5450,0.093181981,0.648466125
"Adams County, Illinois",66578,65759,50859,14783,819,142,0.012301361,0.777959686
"Champaign County, Illinois",208419,184693,135029,48205,23726,17075,0.11383799,0.768711106
"Cook County, Illinois",5203499,4107486,3216302,812587,1096013,554101,0.210630001,0.843838348
"DeKalb County, Illinois",104528,97797,78440,18915,6731,4029,0.064394229,0.819043701
"DuPage County, Illinois",929368,758043,589535,158273,171325,71824,0.184345706,0.829698247
"Kane County, Illinois",531715,435878,345001,83498,95837,53838,0.180241295,0.842964746
"Kankakee County, Illinois",110008,104738,88141,16406,5270,2921,0.047905607,0.850865392
"Kendall County, Illinois",124695,112337,93769,17119,12358,5610,0.099105818,0.86271302
"Lake County, Illinois",703047,571209,421753,140564,131838,67967,0.187523736,0.800064576
"LaSalle County, Illinois",110642,106641,91987,14125,4001,1720,0.036161675,0.872336003
"McHenry County, Illinois",307004,278473,220457,55819,28531,10738,0.092933643,0.818181522
"McLean County, Illinois",172418,159365,124223,33619,13053,8475,0.075705553,0.805014558
"Macon County, Illinois",106550,104815,85962,18423,1735,668,0.016283435,0.82709526
"Madison County, Illinois",265759,257955,179408,77624,7804,3649,0.029364951,0.707915818
"Peoria County, Illinois",185006,174868,142164,31509,10138,6256,0.054798223,0.829686605
"Rock Island County, Illinois",144784,135405,94883,38936,9379,6061,0.064779257,0.731075257
"St. Clair County, Illinois",262759,253173,155604,94437,9586,4545,0.0364821,0.640594613
"Sangamon County, Illinois",197499,191321,159205,31327,6178,3122,0.031281171,0.841381475
"Tazewell County, Illinois",134385,132374,110567,21098,2011,1312,0.014964468,0.843003311
"Vermilion County, Illinois",78111,76743,64522,11428,1368,760,0.017513538,0.853695382
"Will County, Illinois",689529,609654,504650,99919,79875,38171,0.115839943,0.855090939
"Williamson County, Illinois",67560,66986,49924,16483,574,165,0.008496152,0.756024275
"Winnebago County, Illinois",285873,264103,193072,67336,21770,11726,0.076152697,0.764454845
"Allen County, Indiana",370404,345660,242957,100204,24744,13742,0.066802734,0.729473764
"Bartholomew County, Indiana",81402,72282,54425,17674,9120,8278,0.112036559,0.782880028
"Clark County, Indiana",116031,111853,58552,52972,4178,1919,0.036007619,0.543466832
"Delaware County, Indiana",115603,112932,89885,22132,2671,2054,0.023104937,0.808551681
"Elkhart County, Indiana",203781,185729,138002,46870,18052,12490,0.088585295,0.769998184
"Floyd County, Indiana",76990,75137,39352,35401,1853,1289,0.024068061,0.540187037
"Grant County, Indiana",66937,66327,50062,15507,610,381,0.009113047,0.768334404
"Hamilton County, Indiana",316373,290362,186563,101230,26011,11045,0.082216245,0.680029585
"Hancock County, Indiana",73717,72017,61342,10573,1700,765,0.023061166,0.856573111
"Hendricks County, Indiana",160610,150216,112763,37101,10394,3498,0.064715771,0.76899944
"Howard County, Indiana",82568,81475,62141,19072,1093,381,0.013237574,0.76901463
"Johnson County, Indiana",151982,144386,109501,33012,7596,4717,0.049979603,0.782790067
"Kosciusko County, Indiana",79092,76509,57875,18182,2583,1796,0.03265817,0.770115814
"Lake County, Indiana",485846,453657,274050,172139,32189,13311,0.066253504,0.645692256
"LaPorte County, Indiana",110015,106153,76213,28950,3862,1594,0.035104304,0.736854065
"Madison County, Indiana",129296,126347,103035,22940,2949,1722,0.02280813,0.822577651
"Marion County, Indiana",941229,851858,627746,216319,89371,63353,0.094951388,0.77017389
"Monroe County, Indiana",145496,134233,89205,43743,11263,7314,0.077411063,0.69935256
"Morgan County, Indiana",69698,69044,56608,12247,654,14,0.00938334,0.824284771
"Porter County, Indiana",167791,161355,108692,51487,6436,2769,0.038357242,0.693148023
"St. Joseph County, Indiana",269141,251446,167995,81119,17695,9738,0.065746207,0.698600362
"Tippecanoe County, Indiana",188059,167069,111260,54811,20990,15858,0.111613908,0.708543595
"Vanderburgh County, Indiana",181721,176099,124578,50628,5622,2327,0.030937536,0.721397087
"Vigo County, Indiana",107931,103593,78929,23900,4338,2696,0.040192345,0.77856223
"Wayne County, Indiana",66568,64702,47433,17152,1866,1095,0.028031487,0.742338661
"Black Hawk County, Iowa",132904,122971,97014,25623,9933,5755,0.074738157,0.807206706
"Dallas County, Iowa",84516,79032,59914,18513,5484,3449,0.064887122,0.780952719
"Dubuque County, Iowa",97003,94575,73304,20873,2428,1029,0.025030154,0.784821088
"Johnson County, Iowa",146547,128195,81362,45020,18352,12505,0.125229449,0.692794803
"Linn County, Iowa",221661,213365,159076,51854,8296,4372,0.037426521,0.7660662
"Polk County, Iowa",474045,431366,326875,101336,42679,24618,0.090031537,0.786231265
"Pottawattamie County, Iowa",93582,90450,48478,41137,3132,1383,0.033467975,0.560417602
"Scott County, Iowa",172474,165343,104128,59911,7131,4541,0.041345362,0.652637499
"Story County, Iowa",97090,87314,55654,30471,9776,7958,0.100690081,0.686157174
"Woodbury County, Iowa",102779,95319,69095,25562,7460,3525,0.072582921,0.751291606
"Butler County, Kansas",67025,66183,48769,16746,842,644,0.012562477,0.750152928
"Douglas County, Kansas",119440,111277,66221,43601,8163,5591,0.068343938,0.634954789
"Johnson County, Kansas",584451,532455,241245,285810,51996,24254,0.088965542,0.510976968
"Leavenworth County, Kansas",80204,77439,40869,34817,2765,1187,0.03447459,0.565894469
"Riley County, Kansas",73343,66703,36582,28580,6640,4740,0.090533521,0.610324094
"Sedgwick County, Kansas",511995,469525,327370,136702,42470,24656,0.082950029,0.733001299
"Shawnee County, Kansas",178146,171050,122676,46858,7096,4261,0.039832497,0.736968554
"Wyandotte County, Kansas",163831,136177,88947,46475,27654,22222,0.168795893,0.716323529
"Boone County, Kentucky",128536,123588,64618,57960,4948,2761,0.038495052,0.549075745
"Bullitt County, Kentucky",79151,78096,62332,15440,1055,212,0.013328954,0.804929818
"Campbell County, Kentucky",92211,90176,56732,33058,2035,746,0.022068951,0.641496134
"Christian County, Kentucky",72351,71464,34932,35289,887,334,0.012259679,0.512252768
"Daviess County, Kentucky",99674,96234,73876,21614,3440,2814,0.034512511,0.783153079
"Fayette County, Kentucky",318449,287736,182097,101824,30713,22010,0.096445585,0.680250213
"Hardin County, Kentucky",107316,103133,53389,45989,4183,1086,0.038978344,0.571461851
"Jefferson County, Kentucky",765352,713958,523038,185464,51394,29711,0.067150801,0.7576749
"Kenton County, Kentucky",164945,159382,92577,66352,5563,2959,0.033726394,0.597732578
"McCracken County, Kentucky",65162,63810,43407,20118,1352,191,0.020748289,0.691261778
"Madison County, Kentucky",89547,87191,63017,23517,2356,1759,0.026310206,0.737378137
"Oldham County, Kentucky",65560,63272,40360,22326,2288,1450,0.034899329,0.659456986
"Warren County, Kentucky",125532,114089,78479,34924,11443,6612,0.09115604,0.721792053
"Ascension Parish, Louisiana",121587,118856,100541,18024,2731,1758,0.022461283,0.851760468
"Bossier Parish, Louisiana",126057,121476,72413,47528,4581,1786,0.036340703,0.622964215
"Caddo Parish, Louisiana",248851,242290,190880,49538,6561,3925,0.026365174,0.800933088
"Calcasieu Parish, Louisiana",200601,196452,159070,35821,4149,2504,0.020682848,0.821431598
"East Baton Rouge Parish, Louisiana",447037,422601,346275,74447,24436,15451,0.054662142,0.833465686
"Iberia Parish, Louisiana",73273,69996,62571,7277,3277,1368,0.044723159,0.900686474
"Jefferson Parish, Louisiana",436523,380470,313858,62156,56053,33678,0.128407896,0.857611168
"Lafayette Parish, Louisiana",241398,230548,192446,35627,10850,5433,0.04494652,0.852413856
"Lafourche Parish, Louisiana",98305,94208,85141,8882,4097,2393,0.041676415,0.909648543
"Livingston Parish, Louisiana",140138,136933,109149,27508,3205,2276,0.022870314,0.803707774
"Orleans Parish, Louisiana",391495,367793,275000,90130,23702,13930,0.06054228,0.769779946
"Ouachita Parish, Louisiana",156983,153808,129015,24654,3175,1488,0.02022512,0.842951148
"Rapides Parish, Louisiana",132424,129014,103588,24103,3410,1915,0.025750619,0.817986166
"St. Landry Parish, Louisiana",83883,83613,79287,4189,270,148,0.003218769,0.950061395
"St. Tammany Parish, Louisiana",253602,244031,183407,59096,9571,4143,0.037740239,0.766973447
"Tangipahoa Parish, Louisiana",130710,128488,107262,20901,2222,1246,0.016999464,0.840096397
"Terrebonne Parish, Louisiana",113220,109355,94840,13476,3865,2637,0.034137078,0.880975093
"Androscoggin County, Maine",107319,103366,75413,26549,3953,2174,0.036834111,0.752616033
"Aroostook County, Maine",67959,65517,49215,14322,2442,776,0.03593343,0.789255286
"Cumberland County, Maine",292041,273316,167304,103225,18725,7827,0.064117709,0.646539356
"Kennebec County, Maine",120569,117560,84850,31001,3009,1652,0.024956664,0.742877522
"Penobscot County, Maine",151806,148441,110088,36606,3365,1128,0.022166449,0.758863286
"York County, Maine",202343,195061,95996,96838,7282,3074,0.035988396,0.521416604
"Allegany County, Maryland",72130,71035,53572,16820,1095,661,0.015180923,0.766809927
"Anne Arundel County, Maryland",568346,523906,294249,215713,44440,19948,0.078191806,0.620454793
"Baltimore County, Maryland",831026,727789,538742,179808,103237,49377,0.124228363,0.783631318
"Calvert County, Maryland",91251,88278,47044,39854,2973,1072,0.032580465,0.563248622
"Carroll County, Maryland",167656,160495,115083,44377,7161,3290,0.042712459,0.735309205
"Cecil County, Maryland",102603,98534,47013,49984,4069,1417,0.03965771,0.512840755
"Charles County, Maryland",157705,146628,69273,74533,11077,4926,0.070238737,0.527389747
"Frederick County, Maryland",247591,218751,123364,92624,28840,12852,0.116482425,0.625899164
"Harford County, Maryland",251032,237528,162208,69243,13504,4522,0.053793939,0.72416664
"Howard County, Maryland",317233,245785,126415,113970,71448,26959,0.225222471,0.64073725
"Montgomery County, Maryland",1043863,699218,268220,409672,344645,158806,0.330163058,0.607542369
"Prince George's County, Maryland",908049,706351,230277,462662,201698,119392,0.222122374,0.490487848
"St. Mary's County, Maryland",112587,107528,59933,45217,5059,3027,0.04493414,0.598381696
"Washington County, Maryland",150292,141616,93263,46869,8676,3242,0.057727624,0.688147074
"Wicomico County, Maryland",102577,92899,64385,27176,9678,5801,0.094348636,0.735067315
"Baltimore city, Maryland",614664,564604,407185,151188,50060,30113,0.08144287,0.754031471
"Barnstable County, Massachusetts",214276,198876,138053,58442,15400,6656,0.071869925,0.727258302
"Berkshire County, Massachusetts",126903,121157,82833,36454,5746,2010,0.045278677,0.712741228
"Bristol County, Massachusetts",558324,487976,369600,104009,70348,25862,0.125998524,0.81371211
"Essex County, Massachusetts",779018,648070,501118,124109,130948,56293,0.168093677,0.840685324
"Franklin County, Massachusetts",70382,66958,48148,18283,3424,1672,0.048648802,0.740231877
"Hampden County, Massachusetts",468467,429846,310656,78825,38621,15649,0.082441239,0.831738415
"Hampshire County, Massachusetts",161816,149752,104867,41599,12064,6002,0.074553814,0.742924062
"Middlesex County, Massachusetts",1589774,1253216,874526,343800,336558,171541,0.211701789,0.783742846
"Norfolk County, Massachusetts",697181,571420,432721,129025,125761,49952,0.180385008,0.814933281
"Plymouth County, Massachusetts",513565,463995,380486,76345,49570,20226,0.096521375,0.851343063
"Suffolk County, Massachusetts",784230,545897,336693,177733,238333,130923,0.303907017,0.773366232
"Worcester County, Massachusetts",819589,726125,558254,142407,93464,42851,0.114037646,0.826245838
"Allegan County, Michigan",115548,112063,95792,15182,3485,618,0.030160626,0.868608717
"Bay County, Michigan",104747,103512,94677,8337,1235,645,0.011790314,0.920408222
"Berrien County, Michigan",154010,145250,91459,52237,8760,5370,0.056879423,0.660820726
"Calhoun County, Michigan",134386,129892,106469,22712,4494,3082,0.033440983,0.8309943
"Clinton County, Michigan",77888,75640,65420,9805,2248,1244,0.028861956,0.874114113
"Eaton County, Michigan",109160,105285,89064,15642,3875,2250,0.035498351,0.856705753
"Genesee County, Michigan",408615,399032,339324,58121,9583,3726,0.023452394,0.857760973
"Grand Traverse County, Michigan",92084,88741,70854,17098,3343,1492,0.03630381,0.814321706
"Ingham County, Michigan",288051,261232,203972,54411,26819,17665,0.09310504,0.811106367
"Isabella County, Michigan",71282,68797,58718,9941,2485,1298,0.034861536,0.860539828
"Jackson County, Michigan",158460,155259,130344,24254,3201,1936,0.020200682,0.846939291
"Kalamazoo County, Michigan",261654,247559,195448,50671,14095,7463,0.05386885,0.806343492
"Kent County, Michigan",642173,589376,472154,111990,52797,32707,0.082216163,0.825607741
"Lapeer County, Michigan",88340,86725,75255,10723,1615,524,0.018281639,0.878616708
"Lenawee County, Michigan",98504,96794,72941,23470,1710,823,0.017359701,0.761735564
"Livingston County, Michigan",188624,183047,153667,28684,5577,1779,0.029566757,0.847930274
"Macomb County, Michigan",867730,773433,682355,83684,94297,35051,0.1086709,0.903559863
"Marquette County, Michigan",66435,65140,51320,12950,1295,440,0.019492737,0.805072627
"Midland County, Michigan",83462,80880,69580,10756,2582,1379,0.030936234,0.87112698
"Monroe County, Michigan",149208,144951,88329,56361,4257,1988,0.028530642,0.622265562
"Muskegon County, Michigan",173408,170596,144891,24679,2812,1552,0.016216092,0.85768246
"Oakland County, Michigan",1243970,1088157,881267,197846,155813,73766,0.125254628,0.840955972
"Ottawa County, Michigan",282250,266415,219269,45143,15835,6837,0.056102746,0.84006023
"Saginaw County, Michigan",192326,188230,166213,21622,4096,2053,0.021297173,0.887576303
"St. Clair County, Michigan",159587,155392,136903,17494,4195,1627,0.026286602,0.890379542
"Shiawassee County, Michigan",68554,67909,60324,7231,645,324,0.009408641,0.894521107
"Van Buren County, Michigan",75223,71614,53538,17944,3609,2455,0.047977347,0.761455938
"Washtenaw County, Michigan",364709,320714,219644,95756,43995,26031,0.12063042,0.73744547
"Wayne County, Michigan",1749366,1593361,1305993,263232,156005,68651,0.089178022,0.8495272
"Anoka County, Minnesota",345957,317784,251875,62633,28173,9900,0.081434976,0.818957269
"Blue Earth County, Minnesota",66441,62641,49096,12945,3800,2417,0.0571936,0.805165485
"Carver County, Minnesota",100262,96007,70454,25157,4255,1656,0.04243881,0.749087391
"Dakota County, Minnesota",417486,375351,271153,100770,42135,17959,0.10092554,0.758626637
"Hennepin County, Minnesota",1232483,1058421,716287,330806,174062,90094,0.141228723,0.731593864
"Olmsted County, Minnesota",153102,138506,91658,46080,14596,7592,0.095335136,0.69902418
"Ramsey County, Minnesota",540649,454126,322868,124692,86523,40407,0.160035439,0.769366077
"Rice County, Minnesota",65622,60449,43528,16457,5173,4313,0.07883027,0.749215202
"St. Louis County, Minnesota",199980,194897,154623,39176,5083,1727,0.025417542,0.80410041
"Scott County, Minnesota",143680,132837,102337,29317,10843,3836,0.075466314,0.795956292
"Sherburne County, Minnesota",93528,91311,74244,16613,2217,1259,0.023704131,0.822374048
"Stearns County, Minnesota",155652,147122,122414,23930,8530,5496,0.054801737,0.846259605
"Washington County, Minnesota",253117,236328,178663,56196,16789,7424,0.06632901,0.777984094
"Wright County, Minnesota",132550,129064,102871,25321,3486,1123,0.02629951,0.8089702
"DeSoto County, Mississippi",175611,169793,60349,108155,5818,3106,0.033130043,0.384121724
"Forrest County, Mississippi",75979,72995,56865,15985,2984,2027,0.03927401,0.789612919
"Harrison County, Mississippi",203234,194866,109877,81866,8368,4455,0.041174213,0.597183542
"Hinds County, Mississippi",241229,235899,199667,35586,5330,3762,0.022095188,0.852480423
"Jackson County, Mississippi",141241,137255,82842,49449,3986,1968,0.028221267,0.649896277
"Jones County, Mississippi",67953,66185,54242,11803,1768,1422,0.026017983,0.826306418
"Lauderdale County, Mississippi",77755,77020,58165,18093,735,268,0.009452768,0.767307569
"Lee County, Mississippi",85381,84393,64983,19204,988,601,0.011571661,0.775078765
"Madison County, Mississippi",105114,100675,76163,23873,4439,2448,0.04223034,0.772884678
"Rankin County, Mississippi",150228,147123,116586,29874,3105,1448,0.020668584,0.801142264
"Boone County, Missouri",176594,164736,107298,56647,11858,7546,0.067148374,0.679224662
"Buchanan County, Missouri",88938,85596,63401,21836,3342,1847,0.037576739,0.754480649
"Cape Girardeau County, Missouri",78913,76802,56611,19452,2111,1589,0.026750979,0.753500691
"Cass County, Missouri",102845,99807,62495,36109,3038,1334,0.029539598,0.648898828
"Christian County, Missouri",84401,83803,49927,33375,598,138,0.007085224,0.604566297
"Clay County, Missouri",239085,226794,139633,83532,12291,4936,0.051408495,0.650617981
"Cole County, Missouri",76631,75158,59856,14604,1473,870,0.019221986,0.809424384
"Franklin County, Missouri",102838,101307,81461,19517,1531,585,0.014887493,0.810216068
"Greene County, Missouri",288690,279350,174807,102099,9340,5002,0.032353043,0.646336901
"Jackson County, Missouri",691801,652618,413745,233458,39183,22396,0.05663912,0.662535903
"Jasper County, Missouri",119111,113152,72383,39107,5959,3754,0.050028965,0.671676
"Jefferson County, Missouri",224226,220795,181679,38250,3431,1295,0.015301526,0.829413181
"Platte County, Missouri",98309,92260,46023,45453,6049,3207,0.06153048,0.53765169
"St. Charles County, Missouri",390918,374376,272787,99071,16542,8867,0.04231578,0.746568334
"St. Francois County, Missouri",66627,66248,53132,12729,379,110,0.005688385,0.808951326
"St. Louis County, Missouri",998581,923965,674895,241360,74616,33126,0.074722031,0.758297023
"St. Louis city, Missouri",311404,292159,208946,80403,19245,10729,0.061800748,0.741804858
"Cascade County, Montana",81755,80345,46216,32763,1410,340,0.017246652,0.599253868
"Flathead County, Montana",98082,95709,45711,49367,2373,890,0.024194042,0.49667625
"Gallatin County, Montana",104502,100189,44057,54791,4313,2462,0.041271937,0.475694245
"Lewis and Clark County, Montana",67282,66582,37606,28159,700,369,0.010403971,0.581477958
"Missoula County, Montana",116130,113084,59126,53280,3046,2061,0.026229226,0.541203823
"Yellowstone County, Montana",158437,156314,93861,61136,2123,571,0.013399648,0.614130538
"Douglas County, Nebraska",554995,502578,330620,165996,52417,37281,0.094445896,0.700905414
"Lancaster County, Nebraska",309637,284678,211163,71637,24959,15531,0.080607292,0.76864199
"Sarpy County, Nebraska",179023,167395,95553,69113,11628,5837,0.064952548,0.61394346
"Clark County, Nevada",2155664,1663495,535893,1086521,492169,256162,0.228314338,0.495969223
"Washoe County, Nevada",453616,387537,150938,230691,66079,36497,0.145671669,0.491439896
"Cheshire County, New Hampshire",75774,72922,33606,38793,2852,851,0.03763824,0.488043392
"Grafton County, New Hampshire",88888,84338,34714,48419,4550,2151,0.051188012,0.455280803
"Hillsborough County, New Hampshire",407761,368808,170115,191487,38953,18974,0.095528999,0.53039403
"Merrimack County, New Hampshire",148582,142291,77675,63193,6291,2936,0.042340257,0.574692762
"Rockingham County, New Hampshire",303251,289570,91223,195018,13681,5635,0.045114443,0.356908963
"Strafford County, New Hampshire",127428,121266,60409,58895,6162,3747,0.048356719,0.537817434
"Atlantic County, New Jersey",270991,223240,156145,59894,47751,20891,0.176208804,0.77898159
"Bergen County, New Jersey",939151,647801,398418,233851,291350,109568,0.310227003,0.750997443
"Burlington County, New Jersey",449284,405323,241294,154875,43961,16400,0.097846796,0.655284853
"Camden County, New Jersey",510150,451756,277936,157277,58394,24869,0.114464373,0.691704401
"Cape May County, New Jersey",94430,91049,49087,39813,3381,1034,0.035804299,0.578386106
"Cumberland County, New Jersey",153797,139020,98389,27654,14777,9954,0.096081198,0.820191551
"Essex County, New Jersey",796914,599077,416288,157324,197837,88886,0.248253889,0.802583466
"Gloucester County, New Jersey",292330,276030,168623,104645,16300,5352,0.055758903,0.642031266
"Hudson County, New Jersey",677983,377717,242683,113434,300266,160728,0.442881311,0.83268902
"Hunterdon County, New Jersey",124676,110220,75011,33802,14456,5981,0.115948539,0.72888126
"Mercer County, New Jersey",371023,291128,193629,86875,79895,42644,0.215337055,0.765850096
"Middlesex County, New Jersey",837073,562113,392349,150789,274960,126804,0.328477922,0.819861589
"Monmouth County, New Jersey",625846,536316,348649,181068,89530,37916,0.143054362,0.71068282
"Morris County, New Jersey",498423,400619,280469,111263,97804,37927,0.1962269,0.776769932
"Ocean County, New Jersey",592497,542296,399285,133437,50201,20507,0.084727855,0.774788733
"Passaic County, New Jersey",507945,352203,272381,61594,155742,74574,0.306611936,0.87873884
"Salem County, New Jersey",63436,61375,41588,18247,2061,1461,0.032489438,0.71235576
"Somerset County, New Jersey",333751,252113,175572,71195,81638,34152,0.244607507,0.786682287
"Sussex County, New Jersey",142522,130426,101805,27484,12096,3247,0.084871108,0.807159596
"Union County, New Jersey",555630,384128,273107,93561,171502,84642,0.308662239,0.831612764
"Warren County, New Jersey",106617,94434,64425,29168,12183,4960,0.114268831,0.726422616
"Bernalillo County, New Mexico",676953,610021,365598,234817,66932,36854,0.098872448,0.653126583
"Chaves County, New Mexico",65282,55490,38018,16855,9792,5803,0.149995405,0.741812444
"Doña Ana County, New Mexico",214207,176723,86707,86755,37484,25593,0.174989613,0.594994561
"Lea County, New Mexico",69749,57051,26546,30167,12698,8318,0.182052789,0.567492007
"McKinley County, New Mexico",74923,72981,55488,17369,1942,858,0.025919944,0.768175327
"Otero County, New Mexico",65410,58382,25790,31412,7028,3824,0.107445345,0.51976762
"Sandoval County, New Mexico",142025,133319,71616,59886,8706,4129,0.061299067,0.578341841
"San Juan County, New Mexico",115079,111787,65683,45273,3292,2445,0.028606436,0.606591993
"Santa Fe County, New Mexico",148651,132962,69311,61718,15689,10360,0.105542512,0.584812749
"Valencia County, New Mexico",75626,69997,48226,21109,5629,3725,0.074432074,0.720876418
"Albany County, New York",308846,275843,228946,42412,33003,16074,0.106859082,0.862675897
"Bronx County, New York",1455720,910942,732924,76165,544778,276863,0.374232682,0.947678812
"Broome County, New York",195334,182513,148368,32147,12821,6111,0.065636295,0.835425476
"Cattaraugus County, New York",77677,75421,64039,10976,2256,747,0.029043346,0.858696912
"Cayuga County, New York",77861,76688,68343,7705,1173,716,0.015065309,0.9010416
"Chautauqua County, New York",129504,125748,98278,25309,3756,2270,0.029002965,0.804569743
"Chemung County, New York",86322,83325,65314,17365,2997,1464,0.034718843,0.798834596
"Clinton County, New York",81073,77168,63092,13313,3905,2112,0.048166467,0.835789967
"Dutchess County, New York",294473,260330,205446,51658,34143,14440,0.115946114,0.824574749
"Erie County, New York",921046,858871,743124,99720,62175,29048,0.067504772,0.891731792
"Jefferson County, New York",114006,109618,75751,30857,4388,2025,0.038489202,0.729338807
"Kings County, New York",2629150,1671003,1281578,310002,958147,386695,0.364432231,0.882090409
"Livingston County, New York",64257,62498,55532,6513,1759,1049,0.027374449,0.898641393
"Madison County, New York",71329,68749,57989,10494,2580,1054,0.036170422,0.852878913
"Monroe County, New York",747727,682154,548500,108594,65573,26544,0.087696445,0.85476785
"Nassau County, New York",1361500,1055437,952285,82192,306063,110462,0.224798384,0.939631289
"New York County, New York",1643734,1156270,689470,409986,487464,254427,0.296558932,0.750576431
"Niagara County, New York",211758,204087,178480,23458,7671,2068,0.036225314,0.889222603
"Oneida County, New York",231190,213829,186457,24794,17361,8106,0.075094078,0.892754877
"Onondaga County, New York",466194,429593,356455,67366,36601,17118,0.078510234,0.855497926
"Ontario County, New York",109828,105441,88445,15192,4387,1937,0.039944277,0.861674618
"Orange County, New York",379210,337527,270497,57660,41683,16317,0.109920624,0.847947048
"Oswego County, New York",118987,116909,103293,12786,2078,939,0.017464093,0.892542883
"Putnam County, New York",98900,85719,71097,13204,13181,5431,0.133276036,0.866491405
"Queens County, New York",2333054,1235078,1055265,126637,1097976,488361,0.470617482,0.945720502
"Rensselaer County, New York",160070,150905,121800,28106,9165,3963,0.0572562,0.824414319
"Richmond County, New York",476015,364161,330652,23504,111854,36924,0.23497999,0.950623405
"Rockland County, New York",326780,251773,204247,38951,75007,35913,0.229533631,0.880803599
"St. Lawrence County, New York",110038,105350,89990,14207,4688,2607,0.042603464,0.870890056
"Saratoga County, New York",227053,215491,172324,41504,11562,4937,0.050922031,0.817205674
"Schenectady County, New York",154553,138703,113875,21683,15850,5619,0.102553816,0.859705085
"Steuben County, New York",96940,94222,77348,16468,2718,1510,0.028037962,0.830121725
"Suffolk County, New York",1492583,1255709,1130253,103888,236874,106948,0.158700722,0.930397171
"Sullivan County, New York",74801,68215,53262,12281,6586,3143,0.088046951,0.835817703
"Tompkins County, New York",104871,90434,56953,31397,14437,9116,0.137664369,0.700613134
"Ulster County, New York",179225,165449,134759,27174,13776,4728,0.076864277,0.848380527
"Warren County, New York",64567,62885,50912,11354,1682,670,0.026050459,0.824151656
"Wayne County, New York",90798,87700,74700,12423,3098,1301,0.034119694,0.863179806
"Westchester County, New York",974542,725340,571619,127444,249202,117730,0.255711914,0.869226775
"Alamance County, North Carolina",159688,146431,101821,43673,13257,9790,0.083018135,0.726510445
"Brunswick County, North Carolina",126953,122592,61439,59438,4361,1639,0.034351295,0.531810985
"Buncombe County, North Carolina",256088,244285,138915,102663,11803,6944,0.046089625,0.599110462
"Burke County, North Carolina",88851,84701,64520,19579,4150,1943,0.046707409,0.779642323
"Cabarrus County, North Carolina",201590,185503,107419,75561,16087,9572,0.079800585,0.62517486
"Caldwell County, North Carolina",81449,79066,59994,18515,2383,1753,0.029257572,0.772679836
"Carteret County, North Carolina",68890,66475,39079,26623,2415,1089,0.035055886,0.61354333
"Catawba County, North Carolina",156459,146582,101284,43497,9877,6297,0.06312836,0.721991065
"Chatham County, North Carolina",72243,66822,39009,27092,5421,3824,0.075038412,0.624987888
"Cleveland County, North Carolina",97144,95838,72920,22356,1306,783,0.013443959,0.769867413
"Craven County, North Carolina",103445,99157,51248,45994,4288,2426,0.041451979,0.555377254
"Cumberland County, North Carolina",327127,306929,150806,143665,20198,7548,0.061743604,0.560828058
"Davidson County, North Carolina",164926,157924,119180,37306,7002,3534,0.042455404,0.773801584
"Durham County, North Carolina",306212,262493,146322,111999,43719,29646,0.142773634,0.634243596
"Forsyth County, North Carolina",371511,340107,213716,122566,31404,18363,0.084530472,0.670087831
"Gaston County, North Carolina",216965,205517,146009,58319,11448,5591,0.052764271,0.731205494
"Guilford County, North Carolina",521330,467317,300220,162594,54013,30939,0.103606161,0.688116932
"Harnett County, North Carolina",130881,123915,73207,47133,6966,4164,0.053223921,0.639878974
"Henderson County, North Carolina",114209,105677,50423,54458,8532,4993,0.074705146,0.523172429
"Iredell County, North Carolina",172916,162593,96610,65349,10323,7753,0.059699507,0.622076615
"Johnston County, North Carolina",191450,178412,116012,60617,13038,9260,0.068101332,0.683379472
"Lincoln County, North Carolina",81168,76716,51855,24321,4452,2530,0.054849202,0.700362212
"Mecklenburg County, North Carolina",1054835,894531,428236,452862,160304,97956,0.151970687,0.570679775
"Moore County, North Carolina",95776,91836,50436,40279,3940,2101,0.041137655,0.57944579
"Nash County, North Carolina",94005,89274,68035,20706,4731,3412,0.05032711,0.77973512
"New Hanover County, North Carolina",223483,214003,115109,96462,9480,4054,0.042419334,0.568369854
"Onslow County, North Carolina",187136,180480,70680,105856,6656,2237,0.035567715,0.434336525
"Orange County, North Carolina",141796,125165,62055,60375,16631,9251,0.117288217,0.574212249
"Pitt County, North Carolina",177220,168524,125365,41218,8696,6142,0.049068954,0.767419027
"Randolph County, North Carolina",143416,134636,105200,28474,8780,6955,0.061220505,0.801458694
"Robeson County, North Carolina",133235,126924,108299,17947,6311,4938,0.047367433,0.865298157
"Rockingham County, North Carolina",91393,87948,65513,22027,3445,1942,0.037694353,0.758985918
"Rowan County, North Carolina",139933,133358,98107,34097,6575,5617,0.046986772,0.756333388
"Rutherford County, North Carolina",66421,64046,45939,17367,2375,1020,0.035756764,0.738531489
"Surry County, North Carolina",72113,68062,49095,17954,4051,2805,0.056175724,0.751029634
"Union County, North Carolina",226606,206096,110097,92594,20510,11202,0.090509519,0.591387695
"Wake County, North Carolina",1046791,903860,457622,431834,142931,77172,0.13654206,0.58746875
"Wayne County, North Carolina",124150,113315,78916,32421,10835,8821,0.08727346,0.738856222
"Wilkes County, North Carolina",68740,65406,54606,10725,3334,2567,0.0485016,0.843977306
"Wilson County, North Carolina",81661,76470,63524,12645,5191,3565,0.063567676,0.845152521
"Burleigh County, North Dakota",94487,92776,66571,25527,1711,584,0.018108311,0.72983585
"Cass County, North Dakota",175249,165734,91494,73370,9515,5741,0.054294176,0.581338553
"Grand Forks County, North Dakota",71083,67034,39194,26820,4049,2171,0.05696158,0.622694596
"Ward County, North Dakota",70210,67480,39443,26701,2730,1690,0.03888335,0.619698049
"Allen County, Ohio",103742,101610,85659,15734,2132,1327,0.020550982,0.848335293
"Ashtabula County, Ohio",98231,96754,75456,20438,1477,742,0.015035987,0.791939408
"Athens County, Ohio",66186,64037,48619,14880,2149,966,0.032469102,0.775179041
"Belmont County, Ohio",68673,68091,34435,33387,582,296,0.008474946,0.513826395
"Butler County, Ohio",377537,355469,260446,92828,22068,10677,0.058452549,0.754122113
"Clark County, Ohio",134786,132241,106984,24472,2545,1087,0.018881783,0.818438117
"Clermont County, Ohio",203022,198660,149320,47779,4362,1658,0.021485356,0.764660973
"Columbiana County, Ohio",103685,101856,78802,22085,1829,1011,0.017639967,0.786999084
"Cuyahoga County, Ohio",1249352,1157580,912769,222352,91772,34542,0.073455679,0.822026138
"Delaware County, Ohio",196463,181380,136470,43384,15083,6651,0.076772726,0.779174705
"Erie County, Ohio",75107,72894,58739,13614,2213,851,0.02946463,0.8187386
"Fairfield County, Ohio",152597,148085,119131,28363,4512,1547,0.029568078,0.814131339
"Franklin County, Ohio",1264518,1135265,842875,280737,129253,68846,0.102215231,0.777988925
"Geauga County, Ohio",94060,91206,76862,13921,2854,1050,0.030342335,0.851998724
"Greene County, Ohio",164765,156912,106201,47849,7853,4218,0.047661821,0.70959245
"Hamilton County, Ohio",809099,766757,586096,176103,42342,22580,0.052332286,0.782346783
"Hancock County, Ohio",75872,72823,60031,12195,3049,1830,0.040186103,0.839268768
"Jefferson County, Ohio",66704,66215,43491,22354,489,272,0.007330895,0.664877669
"Lake County, Ohio",228614,217787,177908,37665,10827,4910,0.047359304,0.83524631
"Licking County, Ohio",172198,169187,134319,33150,3011,1853,0.017485685,0.807489053
"Lorain County, Ohio",306365,295118,233097,55529,11247,4671,0.036711113,0.818748878
"Lucas County, Ohio",432488,417181,329760,84898,15307,6919,0.03539289,0.8036986
"Mahoning County, Ohio",230008,222963,174207,43322,7045,3039,0.030629369,0.81165003
"Marion County, Ohio",65096,64447,53522,10637,649,514,0.009969891,0.836595182
"Medina County, Ohio",177221,171970,140303,30900,5251,1007,0.029629671,0.825641431
"Miami County, Ohio",104679,102808,82024,19815,1871,1042,0.01787369,0.810707019
"Montgomery County, Ohio",531239,505146,376259,125176,26093,10502,0.049117252,0.764369709
"Muskingum County, Ohio",86068,84898,74673,9648,1170,708,0.013593902,0.887902589
"Portage County, Ohio",161921,154356,123505,29564,7565,6162,0.046720314,0.817417136
"Richland County, Ohio",121107,119090,96552,22223,2017,1025,0.016654694,0.816501111
"Ross County, Ohio",77000,76514,66311,9735,486,213,0.006311688,0.873571429
"Scioto County, Ohio",76088,75663,61173,14150,425,288,0.005585638,0.814031122
"Stark County, Ohio",373612,365504,306635,58023,8108,3137,0.021701658,0.844697172
"Summit County, Ohio",540300,511833,413894,93758,28467,16527,0.052687396,0.826470479
"Trumbull County, Ohio",201825,199324,156176,42976,2501,535,0.012391924,0.78706305
"Tuscarawas County, Ohio",92420,90110,78660,11249,2310,1189,0.02499459,0.878283921
"Warren County, Ohio",227063,212876,156311,55353,14187,4113,0.062480457,0.756221842
"Wayne County, Ohio",116470,114178,96139,17715,2292,1191,0.019678887,0.847900747
"Wood County, Ohio",130219,126571,102302,23921,3648,1565,0.028014345,0.816301769
"Canadian County, Oklahoma",136532,129410,87243,40654,7122,2324,0.052163595,0.702238303
"Cleveland County, Oklahoma",278655,262121,168827,90502,16534,8684,0.05933502,0.67521846
"Comanche County, Oklahoma",122136,116147,57999,53670,5989,2956,0.049035501,0.560571822
"Creek County, Oklahoma",71312,69514,50217,19101,1798,1084,0.025213148,0.732148867
"Muskogee County, Oklahoma",69477,68137,48490,19186,1340,597,0.019286958,0.723851059
"Oklahoma County, Oklahoma",782970,703851,455888,239445,79119,53903,0.101049849,0.694183685
"Payne County, Oklahoma",81131,75508,46318,28204,5623,4391,0.069307663,0.652364694
"Pottawatomie County, Oklahoma",72290,71482,52478,18526,808,298,0.011177203,0.743726657
"Rogers County, Oklahoma",91766,89428,57944,31231,2338,1236,0.025477846,0.659666979
"Tulsa County, Oklahoma",642940,586969,372548,208759,55971,38195,0.08705478,0.675305627
"Wagoner County, Oklahoma",77679,74944,51100,23369,2735,1666,0.035209001,0.699159361
"Benton County, Oregon",89385,81972,40966,40056,7413,5390,0.082933378,0.551871119
"Clackamas County, Oregon",408062,376036,211496,158861,32026,12110,0.078483172,0.610693963
"Deschutes County, Oregon",181307,174789,74609,98262,6518,3433,0.035950074,0.458035266
"Douglas County, Oregon",108457,104910,50825,53432,3547,1997,0.032704205,0.507343924
"Jackson County, Oregon",216527,203670,84168,117351,12857,6571,0.059378276,0.458030638
"Josephine County, Oregon",85904,83875,28494,54786,2029,732,0.023619389,0.362241572
"Klamath County, Oregon",66443,62062,31291,30333,4381,2489,0.065936216,0.543473353
"Lane County, Oregon",369519,349410,180504,166065,20109,11704,0.054419394,0.550591445
"Linn County, Oregon",122849,116806,68862,47206,6043,4134,0.04919047,0.615739648
"Marion County, Oregon",336316,293891,181119,110510,42425,27856,0.126146243,0.671410221
"Multnomah County, Oregon",799766,690874,327274,352900,108892,58285,0.136154825,0.558745933
"Polk County, Oregon",81823,75134,45336,28752,6689,3740,0.08174963,0.64860736
"Umatilla County, Oregon",76456,68420,36921,30558,8036,6079,0.105106205,0.600319138
"Washington County, Oregon",582779,483365,247594,226461,99414,53689,0.170586106,0.611411873
"Yamhill County, Oregon",105035,96113,54471,40554,8922,5040,0.084943114,0.613900129
"Adams County, Pennsylvania",102180,97704,65007,32098,4476,2444,0.04380505,0.685868076
"Allegheny County, Pennsylvania",1225365,1155800,947250,198177,69565,38303,0.05677084,0.838271046
"Armstrong County, Pennsylvania",66486,65686,60260,5035,800,263,0.012032608,0.924269771
"Beaver County, Pennsylvania",167429,165345,139617,24865,2084,967,0.012447067,0.851489288
"Berks County, Pennsylvania",414812,385613,298268,65947,29199,14844,0.070390924,0.841019546
"Blair County, Pennsylvania",124650,123474,108724,14549,1176,298,0.009434416,0.883281187
"Bucks County, Pennsylvania",626399,562997,414833,142592,63402,24862,0.101216637,0.772362344
"Butler County, Pennsylvania",186847,182097,151083,30408,4750,2985,0.025421869,0.837257221
"Cambria County, Pennsylvania",134732,133224,118550,14055,1508,706,0.01119259,0.895681798
"Carbon County, Pennsylvania",63594,61463,49302,10866,2131,647,0.033509451,0.829134824
"Centre County, Pennsylvania",161464,147870,106602,39785,13594,9890,0.084192142,0.753598325
"Chester County, Pennsylvania",516312,470606,324457,139964,45706,27682,0.088523993,0.728915849
"Clearfield County, Pennsylvania",80596,78397,67627,10382,2199,2053,0.027284232,0.871184674
"Columbia County, Pennsylvania",66420,65245,56175,8634,1175,840,0.017690455,0.870009033
"Crawford County, Pennsylvania",86257,84961,70679,13789,1296,728,0.015024868,0.84014051
"Cumberland County, Pennsylvania",248506,232337,177279,51108,16169,7258,0.065064827,0.79433897
"Dauphin County, Pennsylvania",273707,254116,194929,51375,19591,10551,0.07157654,0.812299284
"Delaware County, Pennsylvania",563402,504835,399365,97656,58567,25015,0.103952418,0.826667282
"Erie County, Pennsylvania",276207,262621,214185,45634,13586,7001,0.049187747,0.834783333
"Fayette County, Pennsylvania",132733,131789,113354,18041,944,440,0.007112022,0.864080523
"Franklin County, Pennsylvania",153851,148776,99621,46761,5075,2739,0.032986461,0.696063074
"Indiana County, Pennsylvania",86364,84821,74176,10166,1543,789,0.017866241,0.882288917
"Lackawanna County, Pennsylvania",211321,201177,161225,36103,10144,4680,0.048002801,0.829155645
"Lancaster County, Pennsylvania",538500,513672,407266,91895,24828,10341,0.04610585,0.829350046
"Lawrence County, Pennsylvania",87294,85759,72689,12651,1535,482,0.017584256,0.85507595
"Lebanon County, Pennsylvania",138863,133959,109219,19183,4904,2015,0.035315383,0.86185665
"Lehigh County, Pennsylvania",363147,324335,218664,84915,38812,13909,0.106876829,0.766169072
"Luzerne County, Pennsylvania",316383,298680,242595,50252,17703,8787,0.055954334,0.841167193
"Lycoming County, Pennsylvania",115248,113534,93975,18567,1714,860,0.014872275,0.838895252
"Mercer County, Pennsylvania",112913,111177,94335,16464,1736,846,0.015374669,0.854188623
"Monroe County, Pennsylvania",166098,150222,62945,81795,15876,5517,0.095582126,0.50754976
"Montgomery County, Pennsylvania",821725,733716,577326,146595,88009,34950,0.107102741,0.821600901
"Northampton County, Pennsylvania",302294,277443,177890,89895,24851,10365,0.082208049,0.702623936
"Northumberland County, Pennsylvania",92541,91166,81772,8589,1375,374,0.014858279,0.907187085
"Philadelphia County, Pennsylvania",1567872,1335841,1019096,258298,232031,119707,0.147991035,0.835255684
"Schuylkill County, Pennsylvania",143573,140677,121124,18821,2896,1460,0.020170924,0.868909893
"Somerset County, Pennsylvania",75061,74232,63501,10342,829,381,0.011044351,0.862218729
"Washington County, Pennsylvania",207981,203622,173019,29572,4359,1854,0.020958645,0.857813935
"Westmoreland County, Pennsylvania",355458,349193,310044,37794,6265,2285,0.017625148,0.893675202
"York County, Pennsylvania",443744,425653,286750,132740,18091,9934,0.040769002,0.700863561
"Kent County, Rhode Island",164614,154652,117690,36330,9962,3515,0.060517331,0.779301882
"Newport County, Rhode Island",82784,76704,34135,40792,6080,2715,0.073444144,0.507247777
"Providence County, Rhode Island",633673,513148,347291,146802,120525,56180,0.190200624,0.768331616
"Washington County, Rhode Island",126288,118983,71497,46200,7305,2428,0.057843976,0.634169517
"Aiken County, South Carolina",167458,158848,66350,91335,8610,6406,0.051415877,0.454579656
"Anderson County, South Carolina",196569,190291,130420,58313,6278,3792,0.031937895,0.703345899
"Beaufort County, South Carolina",183149,167641,55828,109381,15508,9674,0.084674227,0.402775882
"Berkeley County, South Carolina",210898,199776,107084,88752,11122,6058,0.052736394,0.579170974
"Charleston County, South Carolina",396484,378204,211903,162291,18280,11642,0.046105265,0.590674529
"Darlington County, South Carolina",67234,66001,55457,10280,1233,662,0.018338936,0.847101169
"Dorchester County, South Carolina",153773,147841,76078,68750,5932,2189,0.038576343,0.55291241
"Florence County, South Carolina",138742,134468,105850,27240,4274,1822,0.03080538,0.803664355
"Greenville County, South Carolina",498766,460988,267985,186516,37778,23122,0.075742934,0.626045079
"Greenwood County, South Carolina",70133,66031,48581,17423,4102,3257,0.058488871,0.751572013
"Horry County, South Carolina",322342,301984,121797,177480,20358,10547,0.063156523,0.44940467
"Lancaster County, South Carolina",89594,86714,43334,43287,2880,2091,0.03214501,0.516853807
"Laurens County, South Carolina",66777,64704,46653,17010,2073,1001,0.031043623,0.745271576
"Lexington County, South Carolina",286196,272957,166030,102704,13239,9056,0.046258508,0.641141036
"Oconee County, South Carolina",76355,72046,42225,29270,4309,2847,0.056433763,0.616659027
"Orangeburg County, South Carolina",87903,86484,73578,12743,1419,661,0.016142794,0.855033389
"Pickens County, South Carolina",122863,118509,77908,40234,4354,2825,0.035437845,0.672529565
"Richland County, South Carolina",409549,386891,235802,145668,22658,12723,0.055324271,0.644320948
"Spartanburg County, South Carolina",301463,283286,188834,91864,18177,10476,0.060295957,0.69527272
"Sumter County, South Carolina",107396,104113,70613,31005,3283,1457,0.030569109,0.711302097
"York County, South Carolina",258526,245418,100347,142652,13108,8114,0.050702831,0.448210238
"Minnehaha County, South Dakota",187318,174034,116329,56660,13284,8753,0.070916837,0.697519726
"Pennington County, South Dakota",109372,106719,63448,41048,2653,1154,0.024256665,0.624693706
"Anderson County, Tennessee",75936,73533,49096,24145,2403,1473,0.03164507,0.682034871
"Blount County, Tennessee",128670,124607,79637,43578,4063,2512,0.031576902,0.661319655
"Bradley County, Tennessee",104490,98643,58989,39191,5847,3218,0.055957508,0.624930615
"Davidson County, Tennessee",684410,601265,345834,246884,83145,58780,0.121484198,0.639274704
"Greene County, Tennessee",68615,67889,49153,18520,726,550,0.010580777,0.730088173
"Hamilton County, Tennessee",357738,340996,230961,107565,16742,9582,0.046799613,0.699319055
"Knox County, Tennessee",456132,436035,279880,152602,20097,12203,0.044059614,0.665443337
"Madison County, Tennessee",97663,95538,69974,24084,2125,750,0.021758496,0.753396885
"Maury County, Tennessee",89981,87858,53375,33923,2123,1117,0.02359387,0.622998189
"Montgomery County, Tennessee",195734,186684,72189,107266,9050,4330,0.046236219,0.451980749
"Putnam County, Tennessee",75931,71375,50179,20579,4556,3265,0.060001844,0.728977624
"Robertson County, Tennessee",69165,67257,46189,20534,1908,1588,0.027586207,0.703115738
"Rutherford County, Tennessee",308251,286351,169194,113820,21900,11862,0.071045998,0.630755456
"Sevier County, Tennessee",96673,92579,53660,38804,4094,2641,0.04234895,0.598605609
"Shelby County, Tennessee",934603,877459,601981,269795,57144,36289,0.061142539,0.711326627
"Sullivan County, Tennessee",156667,153774,95105,57920,2893,1160,0.018465918,0.630298659
"Sumner County, Tennessee",180063,173846,106326,66064,6217,3480,0.034526805,0.633106191
"Washington County, Tennessee",127440,122702,74729,47022,4738,3145,0.03717828,0.631026365
"Williamson County, Tennessee",219107,200990,96322,103395,18117,10348,0.082685628,0.528107272
"Wilson County, Tennessee",132781,127159,73661,52369,5622,2085,0.042340395,0.605598693
"Angelina County, Texas",87791,80569,69091,11362,7222,4336,0.082263558,0.870578989
"Bastrop County, Texas",82733,73304,53542,18336,9429,6620,0.113969033,0.778371387
"Bell County, Texas",340411,313008,160680,133242,27403,13451,0.080499749,0.608584916
"Bexar County, Texas",1928680,1665758,1234305,386802,262922,157355,0.136322251,0.79944729
"Bowie County, Texas",93860,90155,62363,27104,3705,2912,0.039473684,0.711229491
"Brazoria County, Texas",354195,308793,229308,75396,45402,22258,0.128183628,0.787134206
"Brazos County, Texas",220417,190873,141944,45464,29544,20802,0.134036848,0.793736418
"Cameron County, Texas",422135,326337,279912,38137,95798,62200,0.22693688,0.909656863
"Collin County, Texas",939585,753485,418825,322269,186100,92884,0.198066168,0.657009212
"Comal County, Texas",134788,126921,84895,40463,7867,4857,0.05836573,0.699802653
"Coryell County, Texas",74686,69968,32012,33717,4718,2234,0.063171143,0.548549929
"Dallas County, Texas",2574984,1945940,1406048,506658,629044,447857,0.24429045,0.803238389
"Denton County, Texas",806180,690131,400002,279666,116049,59798,0.143949242,0.653097323
"Ector County, Texas",157462,137334,109437,25637,20128,12091,0.127827666,0.837186115
"Ellis County, Texas",168499,154159,121484,31372,14340,9800,0.085104363,0.813814919
"El Paso County, Texas",837918,628051,476153,134559,209867,117839,0.250462456,0.839412687
"Fort Bend County, Texas",741237,534805,360068,160815,206432,96107,0.278496621,0.783045099
"Galveston County, Texas",329431,296193,210384,79893,33238,20555,0.10089518,0.75748184
"Grayson County, Texas",128235,122415,86904,34681,5820,3710,0.045385425,0.729551215
"Gregg County, Texas",123745,110188,84302,25353,13557,9498,0.109555942,0.795118995
"Guadalupe County, Texas",155265,142050,88202,49703,13215,5980,0.08511255,0.679882781
"Harris County, Texas",4589928,3384111,2416864,899876,1205817,769760,0.26270935,0.803945509
"Harrison County, Texas",66534,62626,45811,16666,3908,1706,0.058736886,0.749511528
"Hays County, Texas",204470,184712,128694,51915,19758,9942,0.096630313,0.746099672
"Henderson County, Texas",79901,74736,58030,16050,5165,4555,0.064642495,0.799126419
"Hidalgo County, Texas",849843,622796,530181,81458,227047,162671,0.267163464,0.904149355
"Hunt County, Texas",92073,86461,66531,19067,5612,3416,0.060951636,0.792914318
"Jefferson County, Texas",254679,226137,175172,48687,28542,20173,0.112070489,0.808829939
"Johnson County, Texas",163274,157982,112262,45026,5292,3483,0.032411774,0.724230435
"Kaufman County, Texas",118350,109213,85021,23584,9137,6414,0.077203211,0.800726658
"Liberty County, Texas",81704,73662,54285,18969,8042,6219,0.098428474,0.767832664
"Lubbock County, Texas",303137,285658,221999,61252,17479,11572,0.057660398,0.797939545
"McLennan County, Texas",247934,226206,179371,44360,21728,14185,0.087636226,0.821081417
"Midland County, Texas",162565,142820,110132,31071,19745,12175,0.121459109,0.808870298
"Montgomery County, Texas",556203,480157,289529,180236,76046,49952,0.136723462,0.675952845
"Nacogdoches County, Texas",65806,60789,50450,9841,5017,4422,0.076239249,0.850454366
"Nueces County, Texas",361350,331169,267335,57522,30181,18851,0.0835229,0.840813616
"Orange County, Texas",84964,81905,60003,21788,3059,1908,0.036003484,0.743561979
"Parker County, Texas",129441,120181,83171,35295,9260,5855,0.071538384,0.727327508
"Potter County, Texas",120832,99628,72122,26454,21204,15847,0.175483316,0.781067929
"Randall County, Texas",132501,124659,88882,34836,7842,4657,0.059184459,0.737088777
"Rockwall County, Texas",93978,85078,53141,29664,8900,5367,0.094703016,0.684351657
"San Patricio County, Texas",67655,62850,52585,9850,4805,3701,0.071022097,0.854408396
"Smith County, Texas",225290,206168,163370,41634,19122,12442,0.084877269,0.815198189
"Tarrant County, Texas",2016872,1688360,1116155,536988,328512,202085,0.162881928,0.733752068
"Taylor County, Texas",136535,128208,93550,32788,8327,4742,0.060988025,0.759856447
"Tom Green County, Texas",118386,110792,80119,28849,7594,3938,0.064146098,0.756314091
"Travis County, Texas",1199323,996434,639193,336320,202889,124742,0.169169607,0.719575127
"Victoria County, Texas",92467,84577,73477,10624,7890,5139,0.085327739,0.885104956
"Walker County, Texas",71484,65463,53241,11793,6021,4109,0.084228639,0.83502602
"Webb County, Texas",271193,194545,178403,12423,76648,56262,0.282632664,0.954191295
"Wichita County, Texas",131838,123876,80825,41350,7962,5369,0.0603923,0.686357499
"Williamson County, Texas",528718,470187,279884,178998,58531,29791,0.110703627,0.661449014
"Cache County, Utah",122753,113388,75799,36433,9365,5940,0.076291414,0.703200736
"Davis County, Utah",342281,326462,229769,91613,15819,6373,0.046216413,0.732345646
"Salt Lake County, Utah",1121354,981307,661640,306747,140047,91920,0.12489098,0.726449453
"Utah County, Utah",592299,550631,370326,175565,41668,26609,0.070349604,0.703587208
"Washington County, Utah",160245,151882,85626,64330,8363,4760,0.052188836,0.598552217
"Weber County, Utah",247560,230224,163279,64933,17336,10800,0.070027468,0.73770803
"Chittenden County, Vermont",161531,148540,72889,73250,12991,5157,0.080424191,0.546526673
"Albemarle County, Virginia",106878,98194,55194,41389,8684,5275,0.08125152,0.612745373
"Arlington County, Virginia",230050,175234,43311,124790,54816,30658,0.238278635,0.457552706
"Augusta County, Virginia",74997,73027,54061,18684,1970,251,0.026267717,0.750870035
"Bedford County, Virginia",77960,75359,48076,25157,2601,1173,0.033363263,0.677308876
"Chesterfield County, Virginia",339009,312733,188632,117823,26276,12465,0.077508267,0.652448755
"Fairfax County, Virginia",1138652,782831,310867,443150,355821,161513,0.312493194,0.610811732
"Fauquier County, Virginia",69069,64305,36397,26951,4764,3002,0.068974504,0.609796001
"Frederick County, Virginia",84421,79188,47795,30085,5233,2645,0.061986946,0.643631324
"Hanover County, Virginia",104392,102197,72293,29042,2195,891,0.021026515,0.721798605
"Henrico County, Virginia",326501,285757,196577,83803,40744,19774,0.124789817,0.743330036
"James City County, Virginia",74404,69204,31324,36032,5200,1555,0.069888716,0.515724961
"Loudoun County, Virginia",385945,293633,136734,147204,92312,38204,0.23918434,0.618588141
"Montgomery County, Virginia",98602,91088,49529,40354,7514,4940,0.076205351,0.590738525
"Prince William County, Virginia",455210,343544,159142,169052,111666,56678,0.245306562,0.628628545
"Roanoke County, Virginia",94031,87240,58153,28003,6791,2916,0.072220863,0.702193957
"Rockingham County, Virginia",79744,75621,53877,21108,4123,2077,0.051702949,0.73530297
"Spotsylvania County, Virginia",132010,121611,64994,53612,10399,4609,0.078774335,0.593879252
"Stafford County, Virginia",144361,129714,52283,72143,14647,6059,0.101460921,0.500259765
"York County, Virginia",67976,62014,23726,36149,5962,2480,0.087707426,0.468209368
"Alexandria city, Virginia",155810,111731,31498,75809,44079,28449,0.282902253,0.513452282
"Chesapeake city, Virginia",237940,226649,124827,95378,11291,4386,0.047453139,0.599151046
"Hampton city, Virginia",135410,130478,67131,58492,4932,1334,0.036422716,0.568037811
"Lynchburg city, Virginia",80212,76621,47948,27779,3591,1536,0.044768863,0.653680247
"Newport News city, Virginia",181825,171971,92525,73536,9854,3792,0.054194968,0.595567166
"Norfolk city, Virginia",245115,226599,124899,96804,18516,8718,0.075540053,0.605067009
"Portsmouth city, Virginia",95252,92117,59496,30422,3135,1490,0.032912695,0.68061563
"Richmond city, Virginia",223170,209792,136929,69014,13378,8968,0.059945333,0.690755926
"Roanoke city, Virginia",99660,93189,62056,29652,6471,4598,0.064930765,0.702468393
"Suffolk city, Virginia",89273,85656,53246,31266,3617,1128,0.04051617,0.649770927
"Virginia Beach city, Virginia",452602,406952,183124,210618,45650,17964,0.100861242,0.534650753
"Benton County, Washington",193686,172915,100798,70201,20771,13575,0.107240585,0.637552533
"Chelan County, Washington",76338,67125,43473,22962,9213,5320,0.120686945,0.699206162
"Clallam County, Washington",74570,70861,35892,34455,3709,1830,0.049738501,0.537950919
"Clark County, Washington",467018,414104,162889,246817,52914,22757,0.113301843,0.47150431
"Cowlitz County, Washington",105160,101120,59255,41414,4040,1381,0.038417649,0.606181057
"Franklin County, Washington",90160,71773,47742,22793,18387,14506,0.203937445,0.747193878
"Grant County, Washington",93546,75175,51041,23847,18371,13879,0.196384666,0.745077288
"Grays Harbor County, Washington",71628,68028,44514,22877,3600,1494,0.050259675,0.680613726
"Island County, Washington",82636,76160,31287,42772,6476,2438,0.078367782,0.482404763
"King County, Washington",2149970,1662058,861567,758635,487912,256237,0.226938981,0.647141588
"Kitsap County, Washington",264811,247294,112785,129433,17517,6875,0.066149065,0.511224987
"Lewis County, Washington",77066,74225,45571,27518,2841,1836,0.036864506,0.642929437
"Pierce County, Washington",861312,781218,427190,326168,80094,35549,0.092990693,0.621312602
"Skagit County, Washington",123681,111643,65681,44819,12038,8296,0.097331037,0.637624211
"Snohomish County, Washington",787620,665396,395520,256744,122224,55489,0.155181433,0.674025545
"Spokane County, Washington",499072,473828,270048,197307,25244,12021,0.05058188,0.604652235
"Thurston County, Washington",275222,254059,124416,121434,21163,8043,0.076894289,0.558778005
"Whatcom County, Washington",216800,192190,110687,76637,24610,13256,0.11351476,0.646508303
"Yakima County, Washington",249636,204667,150158,53231,44969,32288,0.180138281,0.786765531
"Berkeley County, West Virginia",113525,108464,38411,69251,5061,2574,0.044580489,0.389993394
"Cabell County, West Virginia",95987,94716,69841,24641,1271,505,0.013241376,0.743288154
"Harrison County, West Virginia",68400,68115,55865,12070,285,133,0.004166667,0.823538012
"Kanawha County, West Virginia",186241,183046,148652,33977,3195,974,0.017155191,0.817564339
"Monongalia County, West Virginia",104622,97588,60263,36598,7034,4484,0.067232513,0.650188297
"Raleigh County, West Virginia",76601,74861,59352,15186,1740,1097,0.022715108,0.801751935
"Wood County, West Virginia",85643,84434,61365,22415,1209,308,0.01411674,0.738273998
"Brown County, Wisconsin",260401,246125,193101,49713,14276,7447,0.054823138,0.809090595
"Dane County, Wisconsin",531273,481928,331835,145522,49345,28995,0.092880685,0.726088094
"Dodge County, Wisconsin",88068,86405,73292,12987,1663,1098,0.018883136,0.852534405
"Eau Claire County, Wisconsin",102965,99418,74944,24151,3547,1522,0.034448599,0.765444569
"Fond du Lac County, Wisconsin",102144,98050,83978,13925,4094,2989,0.04008067,0.863672854
"Jefferson County, Wisconsin",84625,82078,66644,14971,2547,1315,0.030097489,0.823090103
"Kenosha County, Wisconsin",168183,157239,84219,70047,10944,5357,0.065071975,0.583507251
"La Crosse County, Wisconsin",118122,113244,85160,27535,4878,1579,0.041296287,0.766893551
"Manitowoc County, Wisconsin",79536,77084,66786,10118,2452,1700,0.030828807,0.872787166
"Marathon County, Wisconsin",135603,130413,105998,23892,5190,2425,0.03827349,0.823809208
"Milwaukee County, Wisconsin",951448,867067,652343,196383,84381,49583,0.088686928,0.793595656
"Outagamie County, Wisconsin",184526,177787,148043,28909,6739,3939,0.036520599,0.843333731
"Ozaukee County, Wisconsin",88314,84059,64608,18872,4255,1387,0.048180356,0.786307947
"Portage County, Wisconsin",70447,67729,53345,13981,2718,1802,0.038582197,0.801538745
"Racine County, Wisconsin",195140,183924,137329,44058,11216,7644,0.057476683,0.774223634
"Rock County, Wisconsin",161620,153730,114687,38161,7890,4705,0.048818216,0.76388442
"St. Croix County, Wisconsin",88029,84281,38820,45045,3748,1188,0.042576878,0.488293631
"Sheboygan County, Wisconsin",115427,108416,88887,18496,7011,2854,0.060739688,0.839760195
"Walworth County, Wisconsin",102959,96119,61208,33622,6840,3690,0.066434212,0.673442827
"Washington County, Wisconsin",134296,131375,112185,18610,2921,732,0.021750462,0.861425508
"Waukesha County, Wisconsin",398424,380641,297700,78785,17783,7358,0.044633355,0.802258398
"Winnebago County, Wisconsin",169886,162436,131366,30157,7450,2603,0.043852937,0.822486844
"Wood County, Wisconsin",73107,71054,59250,11407,2053,824,0.028082126,0.84396843
"Laramie County, Wyoming",98136,95095,38774,55426,3041,1150,0.030987609,0.435212358
"Natrona County, Wyoming",81039,79969,40372,38539,1070,600,0.013203519,0.52443885
